176649;µ PILE LITHIUM 3V CR2032 SIGMA  (X1) - EPUISE -;      1.19;PIECES CYCLES;PILES;4016224003495
208012;µ RETRO MECABOITE GAUCHE VICMA CHROME - DIA 8 - HOMOLOGUE CE - EPUISE -;     13.93;PIECES MOTORISEES;RETROVISEURS;8430525015333
208027;µ RETRO MECABOITE DROIT VICMA CHROME - DIA 8 - HOMOLOGUE CE - EPUISE -;     12.50;PIECES MOTORISEES;RETROVISEURS;8430525015340
450462;µ LAMPE/AMPOULE 12V 21W (BA9S) TUN'R* MINI CLIGNO BLANC (X1) - EPUISE -;      0.57;PIECES MOTORISEES;ECLAIRAGE/SIGNALISATION;8430525044463
481601;µ PNEU MOTO 17" 130/70 X 17 MITAS MC50 M-RACER 62H TL - EPUISE -;     57.90;PIECES MOTORISEES;PNEUS MOTOS;3831126101176
482216;µ FOURCHE SCOOTER TYPE ORIGINE TEKNIX ADAPT. LUDIX ONE 10" - EPUISE -;     91.81;PIECES MOTORISEES;FOURCHES/DIRECTION;3663829034938
482979;µ KIT CHAINE AFAM  ADAPT. 125 HONDA CBR 2011->2016 15X44 128M (DEMULT. ORIGINE) - EPUISE -;     55.77;PIECES MOTORISEES;COURONNES/PIGNONS;
484375;µ PLATEAU ROUTE DIAM 130 EXTER 52DTS NOIR ALU CNC - EPUISE -;     24.99;PIECES CYCLES;PLATEAUX;3663829041363
487332;µ PLATEAU ROUTE DIAM 110 EXTER 46DTS NOIR ALU CNC 8/9/10V.  BRANCHES - EPUISE -;     23.95;PIECES CYCLES;PLATEAUX;3663829019850
490975;µ BANDE PLAQUE IMMAT. PPI BLANCHE 210X130 SIV - DEPT 75- PARIS (X10) - EPUISE -;     44.66;PIECES MOTORISEES;IMMATRICULATION;3663829087712
491000;µ BANDE PLAQUE IMMAT. PPI BLANCHE 210X130 SIV - DEPT 976- MAYOTTE (X10) - EPUISE -;     44.66;PIECES MOTORISEES;IMMATRICULATION;3663829070974
493891;µ ANTIVOL VELO CHAINE A CLE 0.75M RANGERS ORANGE - EPUISE -;      4.95;PIECES CYCLES;ANTIVOLS;3663829032149
494057;µ ROUE VELO ELECTRIQUE/VAE 20" AV PLIANT TORPADO MOTEUR BRUSHLESS (24V) - EPUISE -;    206.03;PIECES CYCLES;ROUES MONTEES;3663829056534
494285;µ POT MAXI SCOOTER YASUNI 4 ADAPT. 125 YAMAHA NMAX/MBK OCITO - EPUISE -;    214.50;PIECES MOTORISEES;ECHAPPEMENTS SCOOTER;8412001008534
495927;µ PLATEAU VTT MONO DIAM  96 EXTER 30DTS NOIR 4 BRANCHES SHIMANO SLX M7000 - EPUISE -;     36.20;PIECES CYCLES;PLATEAUX;4524667681700
496191;µ LEVIER/MANETTE ROUTE  9VX3 SHIMANO SORA 3030 TRIPLE GAUCHE - EPUISE -;     78.50;PIECES CYCLES;FREINS ROUTE;4524667401605
496373;µ ANTIVOL U RANGERS  55X55 + CHAINE LASSO 1.20M - EPUISE -;     16.95;PIECES MOTORISEES;ACCESSOIRES;3663829069657
496423;µ GUIDOLINE VELOX BI COLOR 3.0 NOIR/JAUNE - EPAISSEUR 3.5MM - EPUISE -;     15.90;PIECES CYCLES;GUIDOLINES/POIGNEES;3660429383251
496428;µ GUIDOLINE VELOX BI COLOR 3.0 NOIR/ROSE - EPAISSEUR 3.5MM - EPUISE -;     15.90;PIECES CYCLES;GUIDOLINES/POIGNEES;3660429383398
496725;µ PIGNON MECABOITE D13 TUN'R ADAPT. DERBI SENDA/GPR/GSM 1999-> 420 13 DTS - BLEU - EPUISE ;      5.00;PIECES MOTORISEES;COURONNES/PIGNONS;3663829073043
496913;µ CASSETTE 12V. VTT SRAM XG-1295 XO1 EAGLE  - 10-50DTS (UNIQUEMENT SRAM XD) - EPUISE -;    289.00;PIECES CYCLES;ROUE-LIBRES/CASSETTES;3663829376908
498619;µ BOUCHON CINTRE/GUIDON ROUTE VELOX A EMBOITER PLASTIQUE PIN UP SUR CARTE (PR) - EPUISE -;      2.45;PIECES CYCLES;CINTRES ROUTE;3660429386405
500274;µ HUILE MOTEUR 2T PUTOLINE TT SPORT (BIB 20L) - EPUISE -;    114.00;PIECES MOTORISEES;HUILES/GRAISSES;8710128743032
502052;µ MANCHON VELO IMPERMEABLE TUCANO VTT  - NOIR NEOPRENE AVEC REFLECTEUR - EPUISE -;     29.00;PIECES CYCLES;BONNETERIE HIVER;8026492109702
502236;µ CLIGNOTANT TUN'R NOIR ALU A LED SEQUENTIEL - SQ2 FUME (PR) HOMOLOGUE CE - EPUISE -;     26.95;PIECES MOTORISEES;ECLAIRAGE/SIGNALISATION;3663829123397
502543;µ PORTE BIDON POLISPORT PRO EVO NOIR/ORANGE 35G - EPUISE -;      2.46;PIECES CYCLES;PORTE-BIDONS;5604415124082
502702;µ JOINT CULASSE MECABOITE OEM DERBI SENDA/GPR 2006-> EURO3/EURO4 (847009) - EPUISE -;     12.47;PIECES MOTORISEES;CULASSES MOTO/CYCLOS;3663829127456
503624;µ STABILISATEUR TABLIER TUCANO - 82 CM - EPUISE -;      4.00;PIECES MOTORISEES;EQUIPEMENTS VEHICULE;8026492137613
504565;µ HUILE MOTEUR 4T MOTUL 5100 15W50 (2L) - EPUISE -;     19.26;PIECES MOTORISEES;HUILES/GRAISSES;3374650247212
505514;µ COMBINAISON PLUIE TRENDY NOIR S - EPUISE -;     17.90;PIECES MOTORISEES;VETEMENTS;3663829133648
505528;µ PANTALON PLUIE TRENDY AVEC DOUBLURE NOIR S - EPUISE -;     12.50;PIECES MOTORISEES;VETEMENTS;3663829133365
505530;µ PANTALON PLUIE TRENDY AVEC DOUBLURE NOIR L - EPUISE -;     12.50;PIECES MOTORISEES;VETEMENTS;3663829133372
505531;µ PANTALON PLUIE TRENDY AVEC DOUBLURE NOIR XL - EPUISE -;     12.50;PIECES MOTORISEES;VETEMENTS;3663829133358
506157;µ KIT DE PURGE CLARKS FREIN COMPATIBLE CLARKS M2 - EPUISE -;     17.50;PIECES CYCLES;FREINS VTT;5021646037866
506623;µ GOUJON CYL SCOOTER OEM BOOSTER/BW'S//STUNT/SLIDER (9011607X0100) (X1) - EPUISE -;      1.80;PIECES MOTORISEES;CYLINDRES SCOOTERS;3663829154742
506820;µ PNEU MOTO 17" 100/80 X 17 DUNLOP TT900 FRONT 52S TL - EPUISE -;     57.68;PIECES MOTORISEES;PNEUS MOTOS;5452000719393
506829;µ PNEU SCOOTER 15" 120/70 R 15 DUNLOP SCOOTSMART FRONT 56H TL - EPUISE -;     74.50;PIECES MOTORISEES;PNEUS SCOOTERS;3188649812493
507883;µ GANT TRENDY ETE GT425 - CEARA NOIR/BLANC/BLEU T 07 (PR) XS -  EPI 1 KP - EPUISE -;     19.95;PIECES MOTORISEES;GANTS;3663829139442
507898;µ GANT TRENDY ETE GT525 - ACRE CUIR NOIR/MARRON T 12 (PR) XXL -  EPI 1 KP - EPUISE -;     15.50;PIECES MOTORISEES;GANTS;3663829139329
507909;µ GANT TRENDY ETE GT525 - ACRE CUIR MARRON CLAIR T 09 (PR) M -  EPI 1 KP - EPUISE -;     15.50;PIECES MOTORISEES;GANTS;3663829139213
507959;µ GANT TRENDY MI SAISON GT725 - NAZCA NOIR T 07 (PR) XS -  EPI 1 KP - EPUISE -;      9.90;PIECES MOTORISEES;GANTS;3663829138742
507964;µ GANT TRENDY MI SAISON GT725 - NAZCA NOIR T 12 (PR) XXL -  EPI 1 KP - EPUISE -;      9.90;PIECES MOTORISEES;GANTS;3663829138698
507965;µ GANT TRENDY MI SAISON GT725 - NAZCA NOIR T 13 (PR) XXXL -  EPI 1 KP - EPUISE -;      9.90;PIECES MOTORISEES;GANTS;3663829138681
511178;µ ROULEMENT MARWI 6809 2RS CB-260 (D45X58 EP 7) - EPUISE -;      6.25;PIECES CYCLES;MOYEUX;8590966362608
513861;µ MANETTE VTT RAPID. PUSH-PULL  9V. S RIDE SL-M300 DROITE COMP.SHIMANO - EPUISE -;      7.95;PIECES CYCLES;COMMANDES DE DERAILLEURS;6974295230043
513863;µ MANETTE VTT RAPID. PUSH-PULL  3V. S RIDE SL-M400 GAUCHE COMP.SHIMANO - EPUISE -;      7.95;PIECES CYCLES;COMMANDES DE DERAILLEURS;6974295230074
513871;µ DERAILLEUR VTT AR S RIDE RD-M400 10V. NOIR GRANDE CHAPE - EPUISE -;     17.95;PIECES CYCLES;DERAILLEURS;6974295230166
515299;µ HOUSSE DE SELLE MECABOITE KRM PRO RIDE ADAPT.YAMAHA DT/MBK X-LIMIT 03-> - BLEU - EPUISE ;     58.96;PIECES MOTORISEES;SELLES;3760382280960
515419;µ CASQUE INTEGRAL DOUBLE ECRAN TRENDY T-604 CHACTAS GRIS/BLANC MAT T58-59 L - EPUISE -;     25.00;PIECES MOTORISEES;CASQUES;3663829158108
515614;µ BRAS DE FIXATION DE CADRE PORTE VELO EUFAB 12 CM PREMIUM/POKER/BIKE LIFT/FINCH - EPUISE ;     33.85;PIECES CYCLES;PORTE-VELOS;4006132115755
517179;µ CHARGEUR BATTERIE SIGMA POUR BUSTER 2000/HL - EPUISE -;     17.70;PIECES CYCLES;ECLAIRAGE;4016224170050
517254;µ CATALOGUE REMORQUES OPTIMIZ 2024 - EPUISE -;      0.00;ARTICLES COMMUNICATION;CATALOGUES;3663829159280
517601;µ PORTE BIDON ROTO K ONE BLANC/NOIR ENTREE/SORTIE LATERALE - EPUISE -;      2.66;PIECES CYCLES;PORTE-BIDONS;3663829277380
518116;µ CACHE BATTERIE VELO ELECTRIQUE ESPERIA MOOBY (T275) - EPUISE -;     50.00;PIECES CYCLES;ECLAIRAGE;3663829164864
518336;µ ROULEMENT 6203 2RS (D17X40 EP 12) - EPUISE -;      2.00;PIECES CYCLES;ROULEMENTS;3663829366503
518691;µ GUIDON CYCLO DOPPLER OPEN ALU CNC NOIR (DIA 30) TYPE BRACELET (PR) - EPUISE -;     34.50;PIECES DOPPLER;GUIDONS;3663829165427
519636;µ PORTE BEBE AR SUR PORTE BAGAGE  BOBIKE GO MAXI COMP. MIK HD - LEMON SORBET - - EPUISE -;     48.70;PIECES CYCLES;PORTE-BEBE;5604415127854
519935;µ CATALOGUE OPTIMIZ CASQUES 2023-2024 - EPUISE -;      0.00;ARTICLES COMMUNICATION;CATALOGUES;3663829276413
520964;µ POT MAXI SCOOTER LEOVINCE* NERO ADAPT. 530 YAMAHA TMAX 2017->2019 - EPUISE -;    407.50;PIECES MOTORISEES;ECHAPPEMENTS SCOOTER;3663829284623
521153;µ GANT MALOSSI MI SAISON NOIR/GRIS T 11(PR) XL - EP1 KP - EPUISE -;     25.50;PIECES MOTORISEES;GANTS;3663829286078
521323;µ JANTE VTT/CARGO 20" MACH1 KARGO PATIN TT NOIR DOUBLE PAROI 32T (25-406) - EPUISE -;     18.80;PIECES CYCLES;JANTES;3663829307032
521328;µ JANTE VTC/CARGO 28" MACH1 KARGO PATIN TT NOIR DOUBLE PAROI 36T (25-622) - EPUISE -;     23.40;PIECES CYCLES;JANTES;3663829307087
521447;µ PNEU ROUTE 700X25C TS HUTCHINSON FUSION 5 PERFORMANCE TLR NOIR (25-622) - EPUISE -;     33.00;PIECES CYCLES;PNEUS VELO;3248382073039
523795;µ CASQUE MODULABLE NOX N960 CRUZR NOIR MAT/BLANC T57-58 M - EPUISE -;     93.00;PIECES MOTORISEES;CASQUES;3664191258328
523936;µ CASQUE CROSS DOUBLE ECRAN NOX N312 IMPULSE NOIR MAT/BLANC T63-64 XXL - EPUISE -;     88.00;PIECES MOTORISEES;CASQUES;3664191259462
523965;µ CASQUE CROSS NOX N633 AIRSHOCK NOIRMAT/ROUGE  T61-62 XL - EPUISE -;     71.00;PIECES MOTORISEES;CASQUES;3664191259752
523990;µ CASQUE CROSS DOUBLE ECRAN NOX N312 TITANIUM MAT T63-64 XXL - EPUISE -;     82.00;PIECES MOTORISEES;CASQUES;3663829335813
524539;µ BATTERIE BOSCH POWERPACK 400WH PORTE BAGAGE (BBR265 ) - EPUISE -;    469.00;PIECES CYCLES;BATTERIE;4047025220040
524615;µ MANETTE VTT P.TOURNANTE  7V. SHIMANO REVOSHIFT RS45 DROITE - EPUISE -;     12.15;PIECES CYCLES;COMMANDES DE DERAILLEURS;4524667337973
524618;µ CATALOGUE AIRSAL 2023 - EPUISE -;      0.00;ARTICLES COMMUNICATION;CATALOGUES;3663829314252
524814;µ SUPPORT SMARTPHONE MOBILIS U.FIX GUIDON/CINTRE - FABRIQUE EN FRANCE - EPUISE -;     17.50;PIECES MOTORISEES;EQUIPEMENTS VEHICULE;3700992520056
525491;µ BIDON POLISPORT C600 600 ML BORDEAUX/BLANC - EPUISE -;      1.80;PIECES CYCLES;HYDRATATION;5604415139833
526740;µ HUILE MOTEUR 4T MOTUL 300V FACTORY LINE OFF ROAD 15W60 (4L) - EPUISE -;     55.30;PIECES MOTORISEES;HUILES/GRAISSES;3374650247762
527449;µ PACK PORTE BIDON ZEFAL PULSE B2 (ASSORTIMENT DE 20 PC) - EPUISE -;    104.95;PIECES CYCLES;PORTE-BIDONS;643187018811
527581;µ TE DE FOURCHE SCOOTER OEM BOOSTER/BWS 2004 ->  10 ET 12 POUCES (5WWF3340000) - EPUISE -;    102.19;PIECES MOTORISEES;FOURCHES/DIRECTION;3663829343108
527595;µ BATTERIE GANT TUCANO HIVER HANDWARM CHAUFFANT - EPUISE -;     26.00;PIECES MOTORISEES;GANTS;8026492151701
528298;µ CATALOGUE MOTUL CGN 2023 - EPUISE -;      0.00;ARTICLES COMMUNICATION;CATALOGUES;3663829347847
528509;µ CARROSSERIE/CARENAGE SCOOTER TUN'R KIT  BOOSTER/BW'S 2004-> ROUGE (4 PCS) - EPUISE -;     49.90;PIECES MOTORISEES;CARROSSERIE/CAPOTAGES;3663829349131
528795;µ SELLE ROUTE/VTT FIZIK ANTARES R5 OPEN MIXTE REGULAR NOIR - EPUISE -;     58.90;PIECES CYCLES;SELLES;8021890493941
528934;µ ROUE GRAVEL 700 (PR) K7 JANTE MAVIC ALLROAD S TLR DISQUE CENTERLOCK 11V. - EPUISE -;    349.50;PIECES CYCLES;ROUES MONTEES;193128421076
528954;µ VELO VILLE 26" FEMME LEGRAND LILLE 1 D TAILLE S (15") ALUMINIUM BORDEAUX - EPUISE -;    267.00;PIECES CYCLES;BICYCLETTE;3663829352971
528955;µ VELO VILLE 26" FEMME LEGRAND LILLE 1 D TAILLE M (17") ALUMINIUM BORDEAUX - EPUISE -;    267.00;PIECES CYCLES;BICYCLETTE;3663829352988
528956;µ VELO VILLE 28" FEMME LEGRAND LILLE 2 D TAILLE M (17") ALUMINIUM VERT EMERAUDE - EPUISE -;    279.00;PIECES CYCLES;BICYCLETTE;3663829352995
529257;µ CATALOGUE KROSS 2024 - EPUISE -;      0.00;ARTICLES COMMUNICATION;CATALOGUES;0000005292578
530534;µ CASQUE CROSS DOUBLE ECRAN NOX N312 DRONE NARDO JAUNE T57-58 M - CE 22.06 - EPUISE -;     84.75;PIECES MOTORISEES;CASQUES;3664191268402
530584;µ CASQUE INTEGRAL DOUBLE ECRAN  NOX N401 XENO BLANC ROUGE T61-62 XL - CE22.06 - EPUISE -;     63.75;PIECES MOTORISEES;CASQUES;3664191264947
530709;µ CASQUE CROSS NOX N633 NOIR MAT T59-60 L - CE 22.06 - EPUISE -;     57.00;PIECES MOTORISEES;CASQUES;3664191042927
531979;µ CATALOGUE SELECTION FACOM 2024 - EPUISE -;      0.00;ARTICLES COMMUNICATION;CATALOGUES;0000005319794
533726;µ CATALOGUE SWISSSTOP 2024 - EPUISE -;      0.00;ARTICLES COMMUNICATION;CATALOGUES;3663829361652
534158;µ PEDALIER VTT MONO 40D L170 ALU SHIMANO ESSA FC-U2000 NOIR 8/7V (AXE ) - EPUISE -;     18.50;PIECES CYCLES;PEDALIERS;4550170967284
534161;µ TOP CASE VELO POLISPORT NOIR L (FIXATION PORTE BAGAGE MIK/MIK HD) - EPUISE -;     26.90;PIECES CYCLES;BAGAGERIE;5604415162282
534642;µ AUTOCOLLANT KRM PRO RIDE HOLOGRAPHIQUE VIOLET - EPUISE -;      1.53;PIECES MOTORISEES;AUTOCOLLANTS;3760382284371
536908;µ CASQUE JET NOX N220-S TITANIUM MAT T63-64 XXL - CE 22.06 - EPUISE -;     52.50;PIECES MOTORISEES;CASQUES;
536914;µ CASQUE JET NOX N220-S GRIS NARDO  T63-64 XXL - CE 22.06 - EPUISE -;     52.50;PIECES MOTORISEES;CASQUES;
537083;µ PNEU TROTTINETTE ELECTRIQUE 8.5"X2.00 (50/75-6.1) PLEIN ALVEOLE NOIR/BLEU - EPUISE -;      7.87;PIECES CYCLES;ACCESSOIRES TROTTINETTE;3663829371248
537834;µ JANTE ROUTE 700 MACH1 PULSE 17 TLR NOIR DOUBLE PAROI 32T - EPUISE -;     15.80;PIECES CYCLES;JANTES;
538963;µ HS BIDON PERSO TA PRO 600 ML VERT (CLIENT 44623 ) - EPUISE -;      1.20;PIECES CYCLES;HYDRATATION;
